ETHAN ZUCKERMAN|ethanz
ETHANZ|ethanz
jonathan zittrain|zittrain
jay rosen|jayrosen_nyu
wendy seltzer|wseltzer
danah boyx|zephoria
Eszter Hargittai|eszter
dan gillmor|dangillmor
global voices|globalvoices
herdict|herdict
cmlp|citmedialaw
doc searls|dsearls
global voices|globalvoices
globalvoices|globalvoices
adsf|asdftest
Stuart Shieber|pmphlt
Jake Shapiro|jakeshapiro
Sascha Meinrath|saschnameinrath
Henry Copeland|hc
William McGeveran|BillMcGev
Digital Initiative|digHBS
Rob Sanderson|azaroth42
David Skok|dskok
Peter Kaminski|peterkaminski
Libby Miller|LibbyMiller
Dan Brickley|danbri